{
  "multipart": [
    {"apply": {"model": "minecraft:block/bamboo_fence_post"}},
    {
      "apply": {"model": "minecraft:block/bamboo_fence_side", "uvlock": true},
      "when": {"north": "true"}
    },
    {
      "apply": {
        "model": "minecraft:block/bamboo_fence_side",
        "uvlock": true,
        "y": 90
      },
      "when": {"east": "true"}
    },
    {
      "apply": {
        "model": "minecraft:block/bamboo_fence_side",
        "uvlock": true,
        "y": 180
      },
      "when": {"south": "true"}
    },
    {
      "apply": {
        "model": "minecraft:block/bamboo_fence_side",
        "uvlock": true,
        "y": 270
      },
      "when": {"west": "true"}
    }
  ]
}