{
  "variants": {
    "facing=east,half=lower,hinge=left,open=false": {
      "model": "minecraft:block/cherry_door_bottom_left",
      "uvlock": true
    },
    "facing=east,half=lower,hinge=left,open=true": {
      "model": "minecraft:block/cherry_door_bottom_left_open",
      "uvlock": true,
      "y": 90
    },
    "facing=east,half=lower,hinge=right,open=false": {
      "model": "minecraft:block/cherry_door_bottom_right",
      "uvlock": true
    },
    "facing=east,half=lower,hinge=right,open=true": {
      "model": "minecraft:block/cherry_door_bottom_right_open",
      "uvlock": true,
      "y": 270
    },
    "facing=east,half=upper,hinge=left,open=false": {
      "model": "minecraft:block/cherry_door_top_left",
      "uvlock": true
    },
    "facing=east,half=upper,hinge=left,open=true": {
      "model": "minecraft:block/cherry_door_top_left_open",
      "uvlock": true,
      "y": 90
    },
    "facing=east,half=upper,hinge=right,open=false": {
      "model": "minecraft:block/cherry_door_top_right",
      "uvlock": true
    },
    "facing=east,half=upper,hinge=right,open=true": {
      "model": "minecraft:block/cherry_door_top_right_open",
      "uvlock": true,
      "y": 270
    },
    "facing=north,half=lower,hinge=left,open=false": {
      "model": "minecraft:block/cherry_door_bottom_left",
      "uvlock": true,
      "y": 270
    },
    "facing=north,half=lower,hinge=left,open=true": {
      "model": "minecraft:block/cherry_door_bottom_left_open",
      "uvlock": true
    },
    "facing=north,half=lower,hinge=right,open=false": {
      "model": "minecraft:block/cherry_door_bottom_right",
      "uvlock": true,
      "y": 270
    },
    "facing=north,half=lower,hinge=right,open=true": {
      "model": "minecraft:block/cherry_door_bottom_right_open",
      "uvlock": true,
      "y": 180
    },
    "facing=north,half=upper,hinge=left,open=false": {
      "model": "minecraft:block/cherry_door_top_left",
      "uvlock": true,
      "y": 270
    },
    "facing=north,half=upper,hinge=left,open=true": {
      "model": "minecraft:block/cherry_door_top_left_open",
      "uvlock": true
    },
    "facing=north,half=upper,hinge=right,open=false": {
      "model": "minecraft:block/cherry_door_top_right",
      "uvlock": true,
      "y": 270
    },
    "facing=north,half=upper,hinge=right,open=true": {
      "model": "minecraft:block/cherry_door_top_right_open",
      "uvlock": true,
      "y": 180
    },
    "facing=south,half=lower,hinge=left,open=false": {
      "model": "minecraft:block/cherry_door_bottom_left",
      "uvlock": true,
      "y": 90
    },
    "facing=south,half=lower,hinge=left,open=true": {
      "model": "minecraft:block/cherry_door_bottom_left_open",
      "uvlock": true,
      "y": 180
    },
    "facing=south,half=lower,hinge=right,open=false": {
      "model": "minecraft:block/cherry_door_bottom_right",
      "uvlock": true,
      "y": 90
    },
    "facing=south,half=lower,hinge=right,open=true": {
      "model": "minecraft:block/cherry_door_bottom_right_open",
      "uvlock": true
    },
    "facing=south,half=upper,hinge=left,open=false": {
      "model": "minecraft:block/cherry_door_top_left",
      "uvlock": true,
      "y": 90
    },
    "facing=south,half=upper,hinge=left,open=true": {
      "model": "minecraft:block/cherry_door_top_left_open",
      "uvlock": true,
      "y": 180
    },
    "facing=south,half=upper,hinge=right,open=false": {
      "model": "minecraft:block/cherry_door_top_right",
      "uvlock": true,
      "y": 90
    },
    "facing=south,half=upper,hinge=right,open=true": {
      "model": "minecraft:block/cherry_door_top_right_open",
      "uvlock": true
    },
    "facing=west,half=lower,hinge=left,open=false": {
      "model": "minecraft:block/cherry_door_bottom_left",
      "uvlock": true,
      "y": 180
    },
    "facing=west,half=lower,hinge=left,open=true": {
      "model": "minecraft:block/cherry_door_bottom_left_open",
      "uvlock": true,
      "y": 270
    },
    "facing=west,half=lower,hinge=right,open=false": {
      "model": "minecraft:block/cherry_door_bottom_right",
      "uvlock": true,
      "y": 180
    },
    "facing=west,half=lower,hinge=right,open=true": {
      "model": "minecraft:block/cherry_door_bottom_right_open",
      "uvlock": true,
      "y": 90
    },
    "facing=west,half=upper,hinge=left,open=false": {
      "model": "minecraft:block/cherry_door_top_left",
      "uvlock": true,
      "y": 180
    },
    "facing=west,half=upper,hinge=left,open=true": {
      "model": "minecraft:block/cherry_door_top_left_open",
      "uvlock": true,
      "y": 270
    },
    "facing=west,half=upper,hinge=right,open=false": {
      "model": "minecraft:block/cherry_door_top_right",
      "uvlock": true,
      "y": 180
    },
    "facing=west,half=upper,hinge=right,open=true": {
      "model": "minecraft:block/cherry_door_top_right_open",
      "uvlock": true,
      "y": 90
    }
  }
}