{
  "variants": {
    "facing=down": {
      "model": "minecraft:block/dropper_vertical",
      "uvlock": true,
      "x": 180
    },
    "facing=east": {
      "model": "minecraft:block/dropper",
      "uvlock": true,
      "y": 90
    },
    "facing=north": {
      "model": "minecraft:block/dropper"
    },
    "facing=south": {
      "model": "minecraft:block/dropper",
      "uvlock": true,
      "y": 180
    },
    "facing=up": {
      "model": "minecraft:block/dropper_vertical"
    },
    "facing=west": {
      "model": "minecraft:block/dropper",
      "uvlock": true,
      "y": 270
    }
  }
}