{
  "textures": {"particle": "#texture"},
  "elements": [
    {
      "from": [7, 12, 0],
      "to": [9, 15, 9],
      "faces": {
        "north": {
          "uv": [7, 1, 9, 4],
          "texture": "#texture",
          "cullface": "north"
        },
        "east": {"uv": [7, 1, 16, 4], "texture": "#texture"},
        "west": {"uv": [0, 1, 9, 4], "texture": "#texture"},
        "up": {"uv": [7, 0, 9, 9], "texture": "#texture"},
        "down": {"uv": [7, 7, 9, 16], "texture": "#texture"}
      }
    },
    {
      "from": [7, 6, 0],
      "to": [9, 9, 9],
      "faces": {
        "north": {
          "uv": [7, 7, 9, 10],
          "texture": "#texture",
          "cullface": "north"
        },
        "east": {"uv": [7, 7, 16, 10], "texture": "#texture"},
        "west": {"uv": [0, 7, 9, 10], "texture": "#texture"},
        "up": {"uv": [7, 0, 9, 9], "texture": "#texture"},
        "down": {"uv": [7, 7, 9, 16], "texture": "#texture"}
      }
    }
  ]
}