{
  "parent": "minecraft:block/block",
  "textures": {
    "particle": "#flowerpot",
    "flowerpot": "block/flower_pot",
    "dirt": "block/dirt"
  },
  "elements": [
    {
      "from": [5, 0, 5],
      "to": [11, 6, 11],
      "faces": {
        "north": {"uv": [5, 10, 11, 16], "texture": "#flowerpot"},
        "east": {"uv": [5, 10, 11, 16], "texture": "#flowerpot"},
        "south": {"uv": [5, 10, 11, 16], "texture": "#flowerpot"},
        "west": {"uv": [5, 10, 11, 16], "texture": "#flowerpot"},
        "up": {"uv": [5, 5, 11, 11], "texture": "#flowerpot"},
        "down": {
          "uv": [5, 10, 11, 16],
          "texture": "#flowerpot",
          "cullface": "down"
        }
      }
    },
    {
      "from": [2.6, 4, 8],
      "to": [13.4, 16, 8],
      "shade": false,
      "rotation": {
        "angle": 45,
        "axis": "y",
        "origin": [8, 8, 8],
        "rescale": true
      },
      "faces": {
        "north": {"uv": [0, 0, 16, 16], "texture": "#plant"},
        "south": {"uv": [0, 0, 16, 16], "texture": "#plant"}
      }
    },
    {
      "from": [8, 4, 2.6],
      "to": [8, 16, 13.4],
      "shade": false,
      "rotation": {
        "angle": 45,
        "axis": "y",
        "origin": [8, 8, 8],
        "rescale": true
      },
      "faces": {
        "east": {"uv": [0, 0, 16, 16], "texture": "#plant"},
        "west": {"uv": [0, 0, 16, 16], "texture": "#plant"}
      }
    },
    {
      "from": [6, 0, 6],
      "to": [10, 4, 10],
      "faces": {"up": {"uv": [6, 6, 10, 10], "texture": "#dirt"}}
    },
    {
      "from": [10, 0, 6],
      "to": [6, 6, 10],
      "shade": false,
      "rotation": {"angle": 0, "axis": "y", "origin": [4, 0, 0]},
      "faces": {
        "north": {"uv": [10, 10, 6, 16], "texture": "#flowerpot"},
        "east": {"uv": [6, 10, 10, 16], "texture": "#flowerpot"},
        "south": {"uv": [10, 10, 6, 16], "texture": "#flowerpot"},
        "west": {"uv": [6, 10, 10, 16], "texture": "#flowerpot"}
      }
    }
  ]
}